职位名称,职位标签,工作地区,薪资,公司名称,公司规模,工作类型
采矿工程师,"['2年', '本科']",成都·成华区,4.6-9.2千,四川华投工程技术咨询有限公司,少于50人,采掘业/冶炼
采矿工程师,"['无需经验', '本科', '五险一金', '免费班车', '餐饮补贴', '年终奖金', '补充医疗保险', '补充公积金', '定期体检']",黄冈,6千-1.2万,湖北致真科技有限公司,少于50人,计算机软件
采矿工程师（临沧矿业）,"['3-4年', '大专', '采矿', '物探', '选矿', '年终奖金', '食宿双包', '社会保险']",临沧,11-15万/年,云南同德实业集团有限公司,500-1000人,多元化业务集团公司
采矿工程师,"['无需经验', '本科', '采矿', '采矿工程', '一级建造师证', '矿山生产', '采矿技术管理', '矿山开采设计', '工程设计', '采矿设计', '开采系统管理', '矿区规划']",武汉·东湖新技术产业开发区,8千-1万,武汉开圣科技有限责任公司,50-150人,石油/化工/矿产/地质
采矿技术员,"['2年', '大专', '采矿', '带薪年假', '五险一金', '包住宿', '节日福利', '高温补贴', '餐饮补贴', '绩效奖金', '配套设施完善', '上市公司']",北海,5.5-6.5千,信义玻璃控股有限公司,10000人以上,建筑/建材/工程
采矿技术员,"['3-4年', '本科', '五险一金', '年终奖金', '定期体检', '绩效奖金']",宜春,8千-1.5万·13薪,江西永兴特钢新能源科技有限公司,500-1000人,新能源
采矿技术员,"['无需经验', '大专', '机械', '数学', '监测', '采矿', '选矿', '采矿计划', '员工食堂', '住宿', '五险一金', '绩效奖金', '节日福利', '专业培训', '餐饮补贴', '年薪']",黔南,5-7千,贵州胜威福全化工有限公司,500-1000人,石油/化工/矿产/地质
采矿技术员,"['3-4年', '大专', '采矿', '矿山', '采矿技术', '五险一金', '交通补贴', '免费班车', '定期体检', '双休', '集中休假', '免费住宿']",凉山,9千-1.3万,雷波凯瑞磷化工有限责任公司,1000-5000人,石油/化工/矿产/地质
采矿技术岗-龙岩水泥,"['无需经验', '本科', '技术指导', '制图软件', '测量仪器', '现场生产', '采矿', '开采计划', '采矿计划', '爆破设计', '定位测量', '交通补贴', '餐饮补贴', '通讯补贴', '绩效奖金', '五险一金', '补充医疗保险', '定期体检']",龙岩,4-8千,华润水泥投资有限公司,10000人以上,建筑/建材/工程
采矿工程师,"['3-4年', '本科', '采矿', '五险一金', '弹性工作']",宜春,1-1.5万,国轩高科股份有限公司,10000人以上,新能源
采矿/选矿/地质工程师,"['无需经验', '大专', '地质工程', '采矿工程', '矿物加工', '资源勘查', '选矿工程', '五险一金', '年终奖金', '专业培训', '定期体检', '14天带薪年假']",赣州·崇义县,6.5-8千,崇义章源钨业股份有限公司,1000-5000人,采掘业/冶炼
采矿技术员,"['3-4年', '大专', '采矿', '矿山', '采矿技术', '五险一金', '交通补贴', '免费班车', '定期体检', '双休', '集中休假', '免费住宿']",凉山,9千-1.3万,雷波凯瑞磷化工有限责任公司,1000-5000人,石油/化工/矿产/地质
采矿、选矿、地质工程师,"['3-4年', '本科', '地质工程', '采矿工程', '选矿工程', '矿物加工工程', '五险一金', '交通补贴', '绩效奖金', '年终奖金', '专业培训', '双休', '餐饮补贴']",赣州·章贡区,5千-1万·13薪,中衍高新材料（江西）有限公司,50-150人,原材料和加工
采矿工程师,"['3-4年', '本科', '五险一金', '免费班车', '员工旅游', '通讯补贴', '定期体检', '交通补贴', '包住宿', '带薪年假']",凉山,1.2-1.5万,雷波凯瑞磷化工有限责任公司,500-1000人,石油/化工/矿产/地质
地质、采矿、勘察、物探工程师,"['3-4年', '本科', '地质工程师', '勘察工程师', '岩土工程', '采矿', '测量工程', '冲击地压', '岩爆', '煤矿', '工程地质', '采矿工程', '五险一金', '绩效奖金', '年终奖金', '专业培训', '节日福利', '出差补贴']",武汉·东湖新技术产业开发区,6千-1.2万,湖北海震科创技术有限公司,少于50人,电子技术/半导体/集成电路
采矿工程师,"['2年', '大专', '周末双休', '带薪年假', '五险一金', '免费班车', '绩效奖金', '节日福利', '专业培训', '高温补贴']",广州·白云区,6-8千·13薪,广州市越德企业管理咨询有限公司,500-1000人,建筑/建材/工程
机电、测量、采矿、地质专业,"['3-4年', '中技/中专', '机电', '测量', '采矿', '地质', '包吃住']",台州·路桥区,6千-1万,浙江恒鹏建设有限公司,500-1000人,建筑/建材/工程
采矿工程师,"['3-4年', '本科', '五险一金', '免费班车', '员工旅游', '通讯补贴', '定期体检', '交通补贴', '包住宿', '带薪年假']",凉山,1.2-1.5万,雷波凯瑞磷化工有限责任公司,500-1000人,石油/化工/矿产/地质
采矿工程师,"['5-7年', '大专', '生产计划', '设计审查', '矿山生产', '会签']",楚雄,1.2-1.8万,云南德邦行实业有限公司,50-150人,贸易/进出口
助理采矿工艺工程师（江家墩矿业） (MJ003897),"['3-4年', '大专', '五险一金', '交通补贴', '专业培训', '绩效奖金', '年终奖金', '定期体检']",宜昌·夷陵区,6-9千·13薪,广东邦普循环科技有限公司,5000-10000人,新能源
采矿工程师,"['2年', '本科']",成都·成华区,4.6-9.2千,四川华投工程技术咨询有限公司,少于50人,采掘业/冶炼
采矿工程师,"['无需经验', '本科', '五险一金', '免费班车', '餐饮补贴', '年终奖金', '补充医疗保险', '补充公积金', '定期体检']",黄冈,6千-1.2万,湖北致真科技有限公司,少于50人,计算机软件
采矿工程师（临沧矿业）,"['3-4年', '大专', '采矿', '物探', '选矿', '年终奖金', '食宿双包', '社会保险']",临沧,11-15万/年,云南同德实业集团有限公司,500-1000人,多元化业务集团公司
采矿工程师,"['无需经验', '本科', '采矿', '采矿工程', '一级建造师证', '矿山生产', '采矿技术管理', '矿山开采设计', '工程设计', '采矿设计', '开采系统管理', '矿区规划']",武汉·东湖新技术产业开发区,8千-1万,武汉开圣科技有限责任公司,50-150人,石油/化工/矿产/地质
采矿技术员,"['2年', '大专', '采矿', '带薪年假', '五险一金', '包住宿', '节日福利', '高温补贴', '餐饮补贴', '绩效奖金', '配套设施完善', '上市公司']",北海,5.5-6.5千,信义玻璃控股有限公司,10000人以上,建筑/建材/工程
采矿技术员,"['3-4年', '本科', '五险一金', '年终奖金', '定期体检', '绩效奖金']",宜春,8千-1.5万·13薪,江西永兴特钢新能源科技有限公司,500-1000人,新能源
采矿技术员,"['无需经验', '大专', '机械', '数学', '监测', '采矿', '选矿', '采矿计划', '员工食堂', '住宿', '五险一金', '绩效奖金', '节日福利', '专业培训', '餐饮补贴', '年薪']",黔南,5-7千,贵州胜威福全化工有限公司,500-1000人,石油/化工/矿产/地质
采矿技术员,"['3-4年', '大专', '采矿', '矿山', '采矿技术', '五险一金', '交通补贴', '免费班车', '定期体检', '双休', '集中休假', '免费住宿']",凉山,9千-1.3万,雷波凯瑞磷化工有限责任公司,1000-5000人,石油/化工/矿产/地质
采矿技术岗-龙岩水泥,"['无需经验', '本科', '技术指导', '制图软件', '测量仪器', '现场生产', '采矿', '开采计划', '采矿计划', '爆破设计', '定位测量', '交通补贴', '餐饮补贴', '通讯补贴', '绩效奖金', '五险一金', '补充医疗保险', '定期体检']",龙岩,4-8千,华润水泥投资有限公司,10000人以上,建筑/建材/工程
采矿工程师,"['3-4年', '本科', '采矿', '五险一金', '弹性工作']",宜春,1-1.5万,国轩高科股份有限公司,10000人以上,新能源
采矿/选矿/地质工程师,"['无需经验', '大专', '地质工程', '采矿工程', '矿物加工', '资源勘查', '选矿工程', '五险一金', '年终奖金', '专业培训', '定期体检', '14天带薪年假']",赣州·崇义县,6.5-8千,崇义章源钨业股份有限公司,1000-5000人,采掘业/冶炼
采矿技术员,"['3-4年', '大专', '采矿', '矿山', '采矿技术', '五险一金', '交通补贴', '免费班车', '定期体检', '双休', '集中休假', '免费住宿']",凉山,9千-1.3万,雷波凯瑞磷化工有限责任公司,1000-5000人,石油/化工/矿产/地质
采矿、选矿、地质工程师,"['3-4年', '本科', '地质工程', '采矿工程', '选矿工程', '矿物加工工程', '五险一金', '交通补贴', '绩效奖金', '年终奖金', '专业培训', '双休', '餐饮补贴']",赣州·章贡区,5千-1万·13薪,中衍高新材料（江西）有限公司,50-150人,原材料和加工
采矿工程师,"['3-4年', '本科', '五险一金', '免费班车', '员工旅游', '通讯补贴', '定期体检', '交通补贴', '包住宿', '带薪年假']",凉山,1.2-1.5万,雷波凯瑞磷化工有限责任公司,500-1000人,石油/化工/矿产/地质
地质、采矿、勘察、物探工程师,"['3-4年', '本科', '地质工程师', '勘察工程师', '岩土工程', '采矿', '测量工程', '冲击地压', '岩爆', '煤矿', '工程地质', '采矿工程', '五险一金', '绩效奖金', '年终奖金', '专业培训', '节日福利', '出差补贴']",武汉·东湖新技术产业开发区,6千-1.2万,湖北海震科创技术有限公司,少于50人,电子技术/半导体/集成电路
采矿工程师,"['2年', '大专', '周末双休', '带薪年假', '五险一金', '免费班车', '绩效奖金', '节日福利', '专业培训', '高温补贴']",广州·白云区,6-8千·13薪,广州市越德企业管理咨询有限公司,500-1000人,建筑/建材/工程
机电、测量、采矿、地质专业,"['3-4年', '中技/中专', '机电', '测量', '采矿', '地质', '包吃住']",台州·路桥区,6千-1万,浙江恒鹏建设有限公司,500-1000人,建筑/建材/工程
采矿工程师,"['3-4年', '本科', '五险一金', '免费班车', '员工旅游', '通讯补贴', '定期体检', '交通补贴', '包住宿', '带薪年假']",凉山,1.2-1.5万,雷波凯瑞磷化工有限责任公司,500-1000人,石油/化工/矿产/地质
采矿工程师,"['5-7年', '大专', '生产计划', '设计审查', '矿山生产', '会签']",楚雄,1.2-1.8万,云南德邦行实业有限公司,50-150人,贸易/进出口
助理采矿工艺工程师（江家墩矿业） (MJ003897),"['3-4年', '大专', '五险一金', '交通补贴', '专业培训', '绩效奖金', '年终奖金', '定期体检']",宜昌·夷陵区,6-9千·13薪,广东邦普循环科技有限公司,5000-10000人,新能源
机电、测量、采矿、地质专业,"['3-4年', '中技/中专', '机电', '测量', '采矿', '地质', '包吃住']",台州·路桥区,6千-1万,浙江恒鹏建设有限公司,500-1000人,建筑/建材/工程
采矿部经理,"['5-7年', '大专', '运输', '维护管理', '基建', '生产过程控制', '开采', '绿色矿山', '矿山开采设计', '矿区规划', '矿山安全生产', '采矿工业', '绩效奖金', '带薪年假', '法定节假日', '年终奖金', '五险']",武汉,8千-1.2万,武汉神舟人力资源开发服务有限公司,少于50人,专业服务(咨询、人力资源、财会)
采矿技术岗-武平矿业,"['1年', '本科', '交通补贴', '餐饮补贴', '通讯补贴', '绩效奖金', '五险一金', '补充医疗保险', '定期体检']",龙岩,5千-1万,华润水泥投资有限公司,10000人以上,建筑/建材/工程
采矿工艺工程师（江家墩矿业） (MJ003894),"['5-7年', '大专', '五险一金', '交通补贴', '专业培训', '绩效奖金', '年终奖金', '定期体检']",宜昌·夷陵区,9千-1.2万·13薪,广东邦普循环科技有限公司,5000-10000人,新能源
机电、测量、采矿、地质专业,"['3-4年', '中技/中专', '机电', '测量', '采矿', '地质', '包吃住']",台州·路桥区,6千-1万,浙江恒鹏建设有限公司,500-1000人,建筑/建材/工程
采矿工程,"['无需经验', '本科', '采矿工程', '选矿工程', '矿物加工工程', '五险一金', '交通补贴', '绩效奖金', '年终奖金', '专业培训', '双休', '餐饮补贴']",赣州·章贡区,5千-1万·13薪,中衍高新材料（江西）有限公司,50-150人,原材料和加工
采矿技术岗-合浦水泥,"['无需经验', '本科', '办公软件', '制图软件', '测量仪器', '技术标准', '计划编制', '报表填报', '采矿', '地质', '地质条件', '矿山', '补充医疗保险', '定期体检', '六险二金', '带薪假期', '探亲路费报销']",北海,5-9千,华润水泥投资有限公司,10000人以上,建筑/建材/工程
采矿工程师,"['5-7年', '本科', '三维软件', '3dmine', '矿山采矿', '矿山生产管理', '矿山采矿设计', '五险一金', '专业培训', '年终奖金']",武汉·江汉区,36-50万/年,武汉长坤地质勘查有限公司,少于50人,石油/化工/矿产/地质
机电、测量、采矿、地质专业,"['3-4年', '中技/中专', '机电', '测量', '采矿', '地质', '包吃住']",台州·路桥区,6千-1万,浙江恒鹏建设有限公司,500-1000人,建筑/建材/工程
采矿工程,"['无需经验', '本科', '采矿工程', '选矿工程', '矿物加工工程', '五险一金', '交通补贴', '绩效奖金', '年终奖金', '专业培训', '双休', '餐饮补贴']",赣州·章贡区,5千-1万·13薪,中衍高新材料（江西）有限公司,50-150人,原材料和加工
采矿工程师,"['3-4年', '本科', '矿业工程', '采矿工程', '矿山开采', '国企', '餐饮补贴', '年终奖金', '节日福利', '出国机会', '定期体检', '五险一金', '补充医疗保险']",北京·海淀区,20-24万/年,北方爆破科技有限公司,500-1000人,建筑/建材/工程
2024储备人才-采矿工程师(J11179),"['2年', '本科', '带薪年假', '五险一金', '绩效奖金', '节日福利', '专业培训', '高温补贴', '补充医疗保险', '定期体检', '工作餐补贴', '交通补贴']",武汉·东湖新技术产业开发区,9-18万/年,华新水泥股份有限公司,10000人以上,建筑/建材/工程
机电、测量、采矿、地质专业,"['3-4年', '中技/中专', '机电', '测量', '采矿', '地质', '包吃住']",台州·路桥区,6千-1万,浙江恒鹏建设有限公司,500-1000人,建筑/建材/工程
采矿工程,"['无需经验', '本科', '采矿工程', '选矿工程', '矿物加工工程', '五险一金', '交通补贴', '绩效奖金', '年终奖金', '专业培训', '双休', '餐饮补贴']",赣州·章贡区,5千-1万·13薪,中衍高新材料（江西）有限公司,50-150人,原材料和加工
采矿工程师,"['5-7年', '大专', '采矿技术管理', '交通补贴', '定期体检', '绩效奖金', '提供住宿', '专业培训']",南京,1-1.2万,南京明达矿业有限公司,1000-5000人,石油/化工/矿产/地质
采矿工程师,"['5-7年', '大专', '采矿', '煤矿', '矿物加工', '绩效奖金', '定期体检', '专业培训', '上市公司', '年终奖金', '五险', '提供食宿']",黔南,1-1.5万,深圳市芭田生态工程股份有限公司,1000-5000人,农/林/牧/渔
机电、测量、采矿、地质专业,"['3-4年', '中技/中专', '机电', '测量', '采矿', '地质', '包吃住']",台州·路桥区,6千-1万,浙江恒鹏建设有限公司,500-1000人,建筑/建材/工程
采矿工程,"['无需经验', '本科', '采矿工程', '选矿工程', '矿物加工工程', '五险一金', '交通补贴', '绩效奖金', '年终奖金', '专业培训', '双休', '餐饮补贴']",赣州·章贡区,5千-1万·13薪,中衍高新材料（江西）有限公司,50-150人,原材料和加工
采矿（露采）工程师,"['5-7年', '本科', '采矿', '选矿', '煤矿', '岩土']",赣州·兴国县,8千-1万,兴国潋江矿业有限公司,150-500人,石油/化工/矿产/地质
采矿工程师(J11060),"['无需经验', '硕士', '采矿工程', '矿业工程', '五险一金', '员工旅游', '出国机会']",宜春,9千-1.4万·13薪,国轩高科股份有限公司,10000人以上,新能源
机电、测量、采矿、地质专业,"['3-4年', '中技/中专', '机电', '测量', '采矿', '地质', '包吃住']",台州·路桥区,6千-1万,浙江恒鹏建设有限公司,500-1000人,建筑/建材/工程
采矿工程师,"['5-7年', '大专', '数据分析', 'cad', '数据支持', '环境保护', '采矿', '采矿工程', '采矿计划', '技术改进方案', '矿山安全', '安全监督管理', '员工食堂', '住宿', '五险一金', '绩效奖金', '节日福利', '专业培训', '餐饮补贴', '年薪']",黔南,8千-1万,贵州胜威福全化工有限公司,500-1000人,石油/化工/矿产/地质
技术支持工程师（采矿类）,"['1年', '本科', '项目实施', '3dmine', '采矿', '技术方案', '客户交流', '矿山生产', '工程应用软件', '节日福利', '餐饮补贴', '生日福利', '健康体检', '六险一金']",长沙·岳麓区,7千-1.1万·13薪,长沙迪迈数码科技股份有限公司,150-500人,计算机软件
采矿工程师(J11060),"['无需经验', '硕士', '矿业工程', '五险一金', '包食宿', '年终奖金', '高温补贴']",宜春,9千-1.4万·13薪,国轩高科股份有限公司,10000人以上,新能源
机电、测量、采矿、地质专业,"['3-4年', '中技/中专', '机电', '测量', '采矿', '地质', '包吃住']",台州·路桥区,6千-1万,浙江恒鹏建设有限公司,500-1000人,建筑/建材/工程
采矿工程师,"['5-7年', '本科', '采矿工程师', '矿山', '地质', '矿山设计', '安全评价', '五险一金', '员工旅游', '餐饮补贴', '绩效奖金', '年终奖金', '弹性工作']",南昌·红谷滩新区,9-18万/年,辽宁时越市政工程设计有限公司南昌分公司,50-150人,专业服务(咨询、人力资源、财会)
采矿工程师,"['5-7年', '大专', '质量管理', '生产管理', '技术文档', '采矿', '选矿', '周末双休', '带薪年假', '五险一金', '餐饮补贴', '交通补贴', '通讯补贴', '绩效奖金', '年终奖金']",株洲·醴陵市,8千-1.2万,旗滨集团股份有限公司,10000人以上,原材料和加工
采矿工程师(J10373),"['3-4年', '硕士', '五险一金', '包食宿', '年终奖金', '高温补贴']",宜春,1-1.5万·13薪,国轩高科股份有限公司,10000人以上,新能源
机电、测量、采矿、地质专业,"['3-4年', '中技/中专', '机电', '测量', '采矿', '地质', '包吃住']",台州·路桥区,6千-1万,浙江恒鹏建设有限公司,500-1000人,建筑/建材/工程
采矿工程师,"['3-4年', '大专', '采矿', '采矿工程师', '五险一金', '出国机会', '绩效奖金', '定期体检', '专业培训']",北京·海淀区,1.7-3万,中农国际钾盐开发有限公司,1000-5000人,石油/化工/矿产/地质
安全评价师（采矿专业）,"['3-4年', '本科', '采矿', '地矿', '尾矿库', '安全工程', '安全评价', '注册安全工程', '五险', '餐饮补贴', '专业培训', '绩效奖金', '定期体检', '单双轮休']",昆明·五华区,8千-1.2万,云南巨星安全技术有限公司,150-500人,专业服务(咨询、人力资源、财会)
采矿专业岗-控股运营管理部,"['5-7年', '本科', '运营管理', '尽职调查', '技术管理', '技术方案', '招标采购', '电脑办公软件', '安全生产管理', '项目建设', '过程管控', '技术分析', '交通补贴', '餐饮补贴', '通讯补贴', '绩效奖金', '五险一金', '补充医疗保险', '定期体检']",深圳,1.5-3万,华润水泥投资有限公司,10000人以上,建筑/建材/工程
机电、测量、采矿、地质专业,"['3-4年', '中技/中专', '机电', '测量', '采矿', '地质', '包吃住']",台州·路桥区,6千-1万,浙江恒鹏建设有限公司,500-1000人,建筑/建材/工程
采矿工程师,"['1年', '本科', '五险一金', '员工旅游', '补充公积金', '周末双休', '年终奖金', '工龄补贴', '节假日休']",贵阳·观山湖区,10-12万/年,贵州朗洲安全科技有限公司,150-500人,检测，认证
采矿工程师（临沧矿业）,"['3-4年', '大专', '采矿', '物探', '选矿', '年终奖金', '食宿双包', '社会保险']",临沧,11-15万/年,云南同德实业集团有限公司,500-1000人,多元化业务集团公司
采矿专业岗-控股运营管理部,"['5-7年', '本科', '运营管理', '尽职调查', '技术管理', '技术方案', '招标采购', '电脑办公软件', '安全生产管理', '项目建设', '过程管控', '技术分析', '交通补贴', '餐饮补贴', '通讯补贴', '绩效奖金', '五险一金', '补充医疗保险', '定期体检']",深圳,1.5-3万,华润水泥投资有限公司,10000人以上,建筑/建材/工程
采矿技术员,"['3-4年', '本科', '五险一金', '年终奖金', '定期体检', '绩效奖金']",宜春,8千-1.5万·13薪,江西永兴特钢新能源科技有限公司,500-1000人,新能源
采矿工程师,"['3-4年', '大专', '采矿', '矿物加工', '煤矿', '选矿', '物探', '石油', '设施设计', '安全设计', '弹性工作', '绩效奖金']",昆明·官渡区,4-8千,贵州朗洲安全科技有限公司,150-500人,检测，认证
采矿工程师（临沧矿业）,"['3-4年', '大专', '采矿', '物探', '选矿', '年终奖金', '食宿双包', '社会保险']",临沧,11-15万/年,云南同德实业集团有限公司,500-1000人,多元化业务集团公司
采矿工程师（生产计划）,"['5-7年', '本科', '五险一金', '年终奖金', '包吃包住', '绩效奖金']",宜春,1.5-2.2万,宜春时代新能源矿业有限公司,1000-5000人,石油/化工/矿产/地质
采矿技术员,"['3-4年', '本科', '五险一金', '年终奖金', '定期体检', '绩效奖金']",宜春,8千-1.5万·13薪,江西永兴特钢新能源科技有限公司,500-1000人,新能源
采矿技术员,"['3-4年', '大专', '采矿', '矿山', '采矿技术', '五险一金', '交通补贴', '免费班车', '定期体检', '双休', '集中休假', '免费住宿']",凉山,9千-1.3万,雷波凯瑞磷化工有限责任公司,1000-5000人,石油/化工/矿产/地质
采矿工程师（临沧矿业）,"['3-4年', '大专', '采矿', '物探', '选矿', '年终奖金', '食宿双包', '社会保险']",临沧,11-15万/年,云南同德实业集团有限公司,500-1000人,多元化业务集团公司
采矿工程师,"['3-4年', '本科', '采矿工程', '采掘计划', '采矿设计', '矿山开采设计', '矿山开拓方案', '五险一金', '员工旅游', '交通补贴', '餐饮补贴', '通讯补贴', '专业培训', '绩效奖金', '年终奖金', '弹性工作', '定期体检']",大连·中山区,1.2-1.5万,大连晟凯国际贸易有限公司,,贸易/进出口
采矿技术员,"['3-4年', '本科', '五险一金', '年终奖金', '定期体检', '绩效奖金']",宜春,8千-1.5万·13薪,江西永兴特钢新能源科技有限公司,500-1000人,新能源
采矿工程师,"['3-4年', '大专', '采矿', '矿物加工', '选矿', '物探', '五险', '餐饮补贴', '定期体检']",赣州,1.5-2.5万,江西石磊氟材料有限责任公司,500-1000人,石油/化工/矿产/地质
采矿、选矿、地质工程师,"['3-4年', '本科', '地质工程', '采矿工程', '选矿工程', '矿物加工工程', '五险一金', '交通补贴', '绩效奖金', '年终奖金', '专业培训', '双休', '餐饮补贴']",赣州·章贡区,5千-1万·13薪,中衍高新材料（江西）有限公司,50-150人,原材料和加工
采矿工程师,"['2年', '本科', '采矿', '物探', '岩土工程', '水利工程', '工程地质', '测量工程', '土木工程', '数据分析预警', '五险一金', '绩效奖金', '年终奖金', '专业培训', '节日福利', '出差补贴']",武汉·东湖新技术产业开发区,6千-1.2万,湖北海震科创技术有限公司,少于50人,电子技术/半导体/集成电路
采矿技术员,"['1年', '大专', '采矿', '选矿', '采矿技术', '矿山地质', '开采规划', '绩效奖金', '年终奖金', '五险', '定期体检', '提供食宿']",昆明·安宁市,4-8千,云南三明鑫疆控股集团有限公司,500-1000人,多元化业务集团公司
采矿工程师,"['5-7年', '大专', '采矿', '岩土', '缴纳五险', '定期体检']",洛阳·栾川县,10-15万/年,河南中天矿业有限公司,50-150人,石油/化工/矿产/地质
采矿、选矿、地质工程师,"['3-4年', '本科', '地质工程', '采矿工程', '选矿工程', '矿物加工工程', '五险一金', '交通补贴', '绩效奖金', '年终奖金', '专业培训', '双休', '餐饮补贴']",赣州·章贡区,5千-1万·13薪,中衍高新材料（江西）有限公司,50-150人,原材料和加工
采矿技术员,"['无需经验', '大专', '采矿技术', '五险一金', '通讯补贴', '交通补贴', '绩效奖金']",神农架,7-8千·14薪,湖北联投矿业有限公司,50-150人,石油/化工/矿产/地质
采矿工程师,"['10年以上', '大专', '五险一金', '通讯补贴', '绩效奖金', '年终奖金', '免费班车', '专业培训']",巴音郭楞,1-2万,新疆志存新能源材料有限公司,500-1000人,新能源
采矿技术员,"['3-4年', '本科', '带薪年假', '五险', '绩效奖金', '专业培训', '交通补贴', '餐饮补贴', '加班补贴', '通讯补贴', '高温补贴', '学历补贴']",金华·兰溪市,12-15万/年,红狮控股集团有限公司,10000人以上,建筑/建材/工程
采矿、选矿、地质工程师,"['3-4年', '本科', '地质工程', '采矿工程', '选矿工程', '矿物加工工程', '五险一金', '交通补贴', '绩效奖金', '年终奖金', '专业培训', '双休', '餐饮补贴']",赣州·章贡区,5千-1万·13薪,中衍高新材料（江西）有限公司,50-150人,原材料和加工
采矿技术员,"['2年', '本科', '采矿工程', '调度管理', '巡检', '五险一金', '年终奖金', '包吃包住']",宜春,7千-1万·15薪,宜春时代新能源矿业有限公司,1000-5000人,石油/化工/矿产/地质
采矿工程师,"['3-4年', '本科', '生产计划', '采矿', '地质', '矿业软件', '采矿技术管理', '管理制度', '采矿工程师', '节日福利', '定期体检', '五险一金', '通讯补贴', '年终奖金', '绩效奖金', '三节福利', '提供食宿']",上饶,1.3-1.5万,江西济民可信集团有限公司,10000人以上,多元化业务集团公司
地质（采矿）工程师,"['5-7年', '大专', '五险一金', '员工旅游', '通讯补贴', '专业培训', '绩效奖金']",孝感,1-1.5万,应城市新都化工有限公司,5000-10000人,石油/化工/矿产/地质
采矿、选矿、地质工程师,"['3-4年', '本科', '地质工程', '采矿工程', '选矿工程', '矿物加工工程', '五险一金', '交通补贴', '绩效奖金', '年终奖金', '专业培训', '双休', '餐饮补贴']",赣州·章贡区,5千-1万·13薪,中衍高新材料（江西）有限公司,50-150人,原材料和加工
地质工程师,['无需经验'],巴彦淖尔,4-8千,内蒙古恒运地质勘查有限公司,少于50人,石油/化工/矿产/地质
机电工程师（采矿）,"['3-4年', '本科', '机电', '五险一金', '出国机会', '绩效奖金', '定期体检', '专业培训']",北京·海淀区,1.2-2万,中农国际钾盐开发有限公司,1000-5000人,石油/化工/矿产/地质
铅锌矿采矿工程师,"['10年以上', '大专', '采矿工程师']",德宏,15-20万/年,德宏银润矿业集团有限公司,500-1000人,采掘业/冶炼
采矿、选矿、地质工程师,"['3-4年', '本科', '地质工程', '采矿工程', '选矿工程', '矿物加工工程', '五险一金', '交通补贴', '绩效奖金', '年终奖金', '专业培训', '双休', '餐饮补贴']",赣州·章贡区,5千-1万·13薪,中衍高新材料（江西）有限公司,50-150人,原材料和加工
采矿矿长,"['5-7年', '大专']",绍兴·新昌县,2-3万,杭州能欣投资有限公司,少于50人,计算机软件
采矿工程师,"['3-4年', '中技/中专', '采矿', '地质', '机电', '矿山', '项目管理', '节日福利', '带薪年假', '年终奖金', '定期体检', '员工旅游', '生日红包', '五险一金', '专业培训', '绩效奖金']",肇庆·封开县,1-1.5万,广州市殷勤集团有限公司,150-500人,贸易/进出口
2024储备人才-采矿工程师(J11179),"['2年', '本科', '带薪年假', '五险一金', '绩效奖金', '节日福利', '专业培训', '高温补贴', '补充医疗保险', '定期体检', '工作餐补贴', '交通补贴']",武汉·东湖新技术产业开发区,9-18万/年,华新水泥股份有限公司,10000人以上,建筑/建材/工程
采矿、选矿、地质工程师,"['3-4年', '本科', '地质工程', '采矿工程', '选矿工程', '矿物加工工程', '五险一金', '交通补贴', '绩效奖金', '年终奖金', '专业培训', '双休', '餐饮补贴']",赣州·章贡区,5千-1万·13薪,中衍高新材料（江西）有限公司,50-150人,原材料和加工
采矿主任,"['3-4年', '大专', '采矿', '五险一金', '定期体检', '专业培训', '餐饮补贴', '年终奖金']",北海,1-1.2万·13薪,广西南玻石英材料有限公司,,原材料和加工
采矿工程师（金矿）,"['3-4年', '大专', 'cad', '矿山开采', '带薪年假', '五险一金']",宁波,2-2.5万·13薪,宁波爱妻智能科技有限公司,50-150人,家具/家电/玩具/礼品
2024储备人才-采矿工程师(J11179),"['2年', '本科', '带薪年假', '五险一金', '绩效奖金', '节日福利', '专业培训', '高温补贴', '补充医疗保险', '定期体检', '工作餐补贴', '交通补贴']",武汉·东湖新技术产业开发区,9-18万/年,华新水泥股份有限公司,10000人以上,建筑/建材/工程
采矿、选矿、地质工程师,"['3-4年', '本科', '地质工程', '采矿工程', '选矿工程', '矿物加工工程', '五险一金', '交通补贴', '绩效奖金', '年终奖金', '专业培训', '双休', '餐饮补贴']",赣州·章贡区,5千-1万·13薪,中衍高新材料（江西）有限公司,50-150人,原材料和加工
采矿工程师,"['5-7年', '大专', '采矿业', '交通补贴', '定期体检', '绩效奖金', '提供住宿', '专业培训']",哈密,1.1-1.5万,南京明达矿业有限公司,1000-5000人,石油/化工/矿产/地质
采矿工程师,"['5-7年', '本科', '包住宿', '专业培训', '五险一金', '年终奖金', '定期体检', '餐饮补贴']",赤峰,1-1.5万,内蒙古兴业矿业股份有限公司,1000-5000人,石油/化工/矿产/地质
采矿工程师,"['5-7年', '大专', 'cad', '安全管理', '技术指导', '监督管理', '通风系统', '供电系统', '设计审查', '矿山开采', '采矿方法', '采掘计划', '带薪年假', '五险一金']",宁波,2-2.5万·13薪,宁波爱妻智能科技有限公司,50-150人,家具/家电/玩具/礼品
采矿、选矿、地质工程师,"['3-4年', '本科', '地质工程', '采矿工程', '选矿工程', '矿物加工工程', '五险一金', '交通补贴', '绩效奖金', '年终奖金', '专业培训', '双休', '餐饮补贴']",赣州·章贡区,5千-1万·13薪,中衍高新材料（江西）有限公司,50-150人,原材料和加工
采矿专业工程师,"['5-7年', '本科', '采矿', '五险一金', '补充医疗保险', '出国机会', '通讯补贴', '餐饮补贴', '交通补贴', '年终奖金', '定期体检']",北京·海淀区,1-2万,中国恩菲工程技术有限公司,1000-5000人,建筑/建材/工程
IWIP-采矿主任、工程师,"['5-7年', '大专', '年休假', '五险一金']",上海·虹口区,30-40万/年,上海鼎信投资（集团）有限公司,5000-10000人,多元化业务集团公司
采矿工程师,"['2年', '大专', '采矿工程', '矿山', '安全设施设计', '安全预评价', '安全评价', '安全设施', '评价报告', '设施设计', '弹性工作', '绩效奖金', '专业培训', '员工旅游', '五险一金', '补充医疗保险', '年终奖金']",昆明·官渡区,8千-1.2万,贵州朗洲安全科技有限公司,150-500人,检测，认证
采矿、选矿、地质工程师,"['3-4年', '本科', '地质工程', '采矿工程', '选矿工程', '矿物加工工程', '五险一金', '交通补贴', '绩效奖金', '年终奖金', '专业培训', '双休', '餐饮补贴']",赣州·章贡区,5千-1万·13薪,中衍高新材料（江西）有限公司,50-150人,原材料和加工
采矿技术员-博泽（山东项目）,"['3-4年', '大专']",临沂·兰陵县,6千-1万,云南金澜建设工程有限公司,150-500人,石油/化工/矿产/地质
采矿（露采）工程师,"['5-7年', '本科', '采矿', '选矿', '煤矿', '岩土']",赣州·兴国县,8千-1万,兴国潋江矿业有限公司,150-500人,石油/化工/矿产/地质
中级采矿工程师（露天矿）,"['3-4年', '大专', '采矿工程', '职业资格证书', '露天矿山', '工程设计', '施工生产', '作业指导书']",绍兴·新昌县,1.2-2.2万·13薪,杭州能欣投资有限公司,少于50人,计算机软件
采矿工程,"['无需经验', '本科', '采矿工程', '选矿工程', '矿物加工工程', '五险一金', '交通补贴', '绩效奖金', '年终奖金', '专业培训', '双休', '餐饮补贴']",赣州·章贡区,5千-1万·13薪,中衍高新材料（江西）有限公司,50-150人,原材料和加工
采矿工程师,"['5-7年', '大专', '生产计划', '设计审查', '矿山生产', '会签']",楚雄,1.2-1.8万,云南德邦行实业有限公司,50-150人,贸易/进出口
采矿（露采）工程师,"['5-7年', '本科', '采矿', '选矿', '煤矿', '岩土']",赣州·兴国县,8千-1万,兴国潋江矿业有限公司,150-500人,石油/化工/矿产/地质
采矿工程师,"['3-4年', '大专', '地质', '采矿', '采矿工程师', '工程师', '包吃', '包住宿', '奖金多', '五险一金']",清远,1-2万,清远市清新区谷城矿业开发投资有限公司,500-1000人,石油/化工/矿产/地质
采矿技术经理,"['5-7年', '硕士', '五险一金', '补充医疗保险', '员工旅游', '交通补贴', '餐饮补贴', '通讯补贴', '年终奖金', '绩效奖金', '专业培训']",深圳·南山区,1.5-2.5万·13薪,中国南玻集团股份有限公司,10000人以上,多元化业务集团公司
采矿矿长（工程技术总工）,"['5-7年', '大专']",绍兴·新昌县,2-3万,杭州能欣投资有限公司,少于50人,计算机软件
采矿（露采）工程师,"['5-7年', '本科', '采矿', '选矿', '煤矿', '岩土']",赣州·兴国县,8千-1万,兴国潋江矿业有限公司,150-500人,石油/化工/矿产/地质
采矿总工,"['3-4年', '大专', '采矿', '俄语', '英语', '采矿工程', '五险一金', '员工旅游', '交通补贴', '餐饮补贴', '通讯补贴', '专业培训', '绩效奖金', '年终奖金', '弹性工作', '定期体检']",大连·中山区,25-30万/年,大连晟凯国际贸易有限公司,,贸易/进出口
采矿总工程师,"['3-4年', '大专', '采矿', '磷矿', '员工旅游', '定期体检', '五险一金', '专业培训', '年终奖金']",黔南,20-30万/年,深圳市芭田生态工程股份有限公司,1000-5000人,农/林/牧/渔
自动控制工程师（金属矿山采矿）,"['5-7年', '本科', '自动化', '工程师', '自动化工程师', '五险一金', '补充医疗保险', '出国机会', '通讯补贴', '餐饮补贴', '交通补贴', '年终奖金', '定期体检']",北京·海淀区,1-2万,中国恩菲工程技术有限公司,1000-5000人,建筑/建材/工程
采矿（露采）工程师,"['5-7年', '本科', '采矿', '选矿', '煤矿', '岩土']",赣州·兴国县,8千-1万,兴国潋江矿业有限公司,150-500人,石油/化工/矿产/地质
矿山地质工程师,"['3-4年', '本科', '采矿', '采矿工程', '矿业工程', '矿物加工', '勘探', '矿山设计', '矿山开采', '地质勘探', '设备使用', '矿物加工工程', '五险', '包吃住']",西安,9千-1.5万,西安丰治辰建筑材料有限公司,少于50人,贸易/进出口
矿山培养岗,"['无需经验', '本科', '采矿', '测量', '通风', '矿山', '设备', '地质', '机械', '五险一金', '弹性工作', '绩效奖金', '年终奖金']",凉山,5千-1万,雷波凯瑞磷化工有限责任公司,1000-5000人,石油/化工/矿产/地质
采矿设计工程师,"['无需经验', '本科', '五险一金', '补充医疗保险']",苏州·虎丘区,5千-1万,苏州中材非金属矿工业设计研究院有限公司,150-500人,建筑/建材/工程
采矿工程师,"['5-7年', '本科', '采矿', '选矿', '勘探', '五险一金', '年终奖金', '出国机会', '交通补贴', '通讯补贴', '工作餐', '定期体检', '周末双休']",赣州,1.5-3万,赣州腾远钴业新材料股份有限公司,500-1000人,采掘业/冶炼
采矿工程师,"['5-7年', '硕士', '五险一金', '交通补贴', '餐饮补贴', '通讯补贴', '年终奖金', '绩效奖金', '定期体检']",昆明·盘龙区,1.5-2万,中国恩菲工程技术有限公司成都分公司,150-500人,石油/化工/矿产/地质
矿山培养岗,"['无需经验', '本科', '采矿', '测量', '通风', '矿山', '设备', '地质', '机械', '五险一金', '弹性工作', '绩效奖金', '年终奖金']",凉山,5千-1万,雷波凯瑞磷化工有限责任公司,1000-5000人,石油/化工/矿产/地质
安全评价师（采矿）,"['本科', '安全评价师', '五险一金', '交通补贴', '餐饮补贴', '通讯补贴', '专业培训', '绩效奖金', '定期体检', '底薪+提成']",南京,1-1.5万,江苏国恒安全评价咨询服务有限公司,500-1000人,专业服务(咨询、人力资源、财会)
采矿工程师（海外事业部）,"['5-7年', '本科', '英语', '采矿', '矿山开采', '绘图', '采矿设计', 'autocad', '五险一金', '餐饮补贴', '年终奖金', '交通补贴']",上海·浦东新区,4-5万,江西赣锋锂业集团股份有限公司,1000-5000人,石油/化工/矿产/地质
采矿工程师,"['3-4年', '大专', '采矿工程师']",乐山,15-20万/年,福华通达化学股份公司,1000-5000人,石油/化工/矿产/地质
采矿技术员,"['5-7年', '大专', '选矿试验', '采矿', '五险一金', '通讯补贴', '餐饮补贴', '交通补贴', '员工旅游', '专业培训', '绩效奖金', '免费班车', '年终奖金', '定期体检']",孝感,4-6千,湖北省黄麦岭控股集团有限公司,1000-5000人,原材料和加工
采矿工程师,"['5-7年', '大专', '生产计划', '设计审查', '矿山生产', '会签', '弹性工作']",楚雄,1.2-1.8万,四川德胜集团钒钛有限公司,10000人以上,采掘业/冶炼
采矿技术员,"['3-4年', '大专', '五险一金', '节日福利', '带薪年假', '年终奖金', '交通补贴', '通讯补贴', '定期体检', '绩效奖金']",郴州,1-2万,深圳市大为创新科技股份有限公司,150-500人,多元化业务集团公司
地质工程师（临沧矿业）,"['3-4年', '大专', '报告编制', '地质', '地质勘查', '地质勘探', '年终奖金', '食宿双包', '社会保险']",临沧,11-15万/年,云南同德实业集团有限公司,500-1000人,多元化业务集团公司
矿建工程师,"['无需经验', '水文地质', '矿建', '矿山建设', '测绘', '电力', '测量', '暖通', '给排水', '电气', '岩土', '弹性工作', '通讯补贴', '交通补贴', '证书补贴', '职称补贴']",石家庄,1.3-1.8万,湖南同迈建筑咨询有限公司,50-150人,建筑/建材/工程
采矿技术员,"['2年', '大专', '安全管理', '驾照', '工程施工质量', '采掘计划', '五险一金', '定期体检', '绩效奖金', '专业培训', '单休']",文山,7千-1万·13薪,明冠新材料股份有限公司,500-1000人,新能源
七台河交投物资资源（合资公司）-采矿管理岗,"['3-4年', '本科']",七台河,7-13万/年,黑龙江省交投物资资源开发有限公司,500-1000人,多元化业务集团公司
采矿工程师,"['3-4年', '大专', '采矿设计', '矿山生产管理', '矿山安全', '带薪年假', '绩效奖金', '节日福利', '年度体检', '五险一金', '包食宿']",博尔塔拉,8千-1.5万·13薪,武汉拓朴资源控股有限公司,1000-5000人,石油/化工/矿产/地质
采矿工程师,"['3-4年', '大专', '专业培训']",威海,1-1.5万,赤山集团有限公司,,多元化业务集团公司
采矿工艺工程师,"['3-4年', '本科', '数据分析', '项目管理', '工艺流程', '可行性研究', '实验研究', '试验', '工艺参数', '研磨', '成本估算', '工艺流程设计', '五险一金', '免费班车', '员工旅游', '年终奖金', '股票期权', '定期体检', '餐饮补贴', '通讯补贴', '提供住宿']",九江,9千-1.5万·13薪,九江天赐高新材料有限公司,1000-5000人,石油/化工/矿产/地质
安全评价师（采矿专业）,"['3-4年', '本科', '五险一金', '绩效奖金', '员工旅游', '专业培训', '年终奖金', '年底分红', '双休']",沈阳,5千-1万,沈阳万益安全科技有限公司,150-500人,多元化业务集团公司
采矿工程师,"['3-4年', '大专', '采矿设计', '矿山生产管理', '矿山安全', '带薪年假', '绩效奖金', '节日福利', '年度体检', '五险一金', '包食宿']",宜昌·远安县,8千-1.5万·13薪,武汉拓朴资源控股有限公司,1000-5000人,石油/化工/矿产/地质
采矿技术员,"['3-4年', '大专', '五险一金', '定期体检']",河池,8千-1.3万,广西南国铜业有限责任公司,1000-5000人,采掘业/冶炼
采矿工艺工程师,"['3-4年', '本科', '数据分析', '项目管理', '工艺流程', '可行性研究', '实验研究', '试验', '工艺参数', '研磨', '成本估算', '工艺流程设计', '五险一金', '免费班车', '员工旅游', '年终奖金', '股票期权', '定期体检', '餐饮补贴', '通讯补贴', '提供住宿']",九江,9千-1.5万·13薪,九江天赐高新材料有限公司,1000-5000人,石油/化工/矿产/地质
采矿工程师,"['5-7年', '年终奖金', '定期体检', '包吃住']",成都·高新区,35-40万/年,四川恒义建设工程有限公司,50-150人,建筑/建材/工程
采矿工程师,"['3-4年', '大专', '采矿设计', '矿山生产管理', '矿山安全', '带薪年假', '绩效奖金', '节日福利', '年度体检', '五险一金', '包食宿']",宜昌·远安县,8千-1.5万·13薪,武汉拓朴资源控股有限公司,1000-5000人,石油/化工/矿产/地质
矿山设计咨询院采矿设计岗,"['3-4年', '本科', 'cad', '技术管理', '外语', '工程软件', '四级', '采矿工程', '科研', '现场服务', '五险', '专业培训', '定期体检', '餐饮补贴']",济南,6千-1万,通用技术集团工程设计有限公司,500-1000人,学术/科研
采矿工程师,"['3-4年', '五险一金', '餐饮补贴', '专业培训', '包住宿', '全勤奖', '节日福利', '年终奖']",宜春,8千-1万,江西九岭锂业股份有限公司,500-1000人,采掘业/冶炼
采矿工程师,"['3-4年', '本科', '五险一金', '补充医疗保险', '免费班车', '员工旅游', '通讯补贴', '年终奖金', '定期体检', '餐饮补贴', '交通补贴', '专业培训']",广州,20-40万/年,广东九丰能源集团有限公司,500-1000人,石油/化工/矿产/地质
采矿工程师,"['3-4年', '大专', '采矿设计', '矿山生产管理', '矿山安全', '带薪年假', '绩效奖金', '节日福利', '年度体检', '五险一金', '包食宿']",宜昌·远安县,8千-1.5万·13薪,武汉拓朴资源控股有限公司,1000-5000人,石油/化工/矿产/地质
采矿安全评价师,"['1年', '大专', '五险一金', '员工旅游', '通讯补贴', '专业培训', '绩效奖金', '年终奖金']",广州·黄埔区,1-2万,广州市万保职业安全事务有限公司,50-150人,专业服务(咨询、人力资源、财会)
海外采矿主管,"['2年', '大专', '选矿', '采矿', '英语', '提单', '船务', '现场管理', '五险一金', '补充公积金', '餐饮补贴', '出国机会', '出差补贴']",湛江·赤坎区,1-2万,广东虹鹏新材料资源有限公司,50-150人,石油/化工/矿产/地质
地质矿产技术经理,"['无需经验', '本科', '五险一金', '餐饮补贴', '交通补贴', '通讯补贴', '专业培训', '绩效奖金']",黄石,4.5-6千,湖北德势弘房地资产评估咨询有限公司,50-150人,专业服务(咨询、人力资源、财会)
采矿工程师,"['3-4年', '大专', '采矿设计', '矿山生产管理', '矿山安全', '带薪年假', '绩效奖金', '节日福利', '年度体检', '五险一金', '包食宿']",宜昌·远安县,8千-1.5万·13薪,武汉拓朴资源控股有限公司,1000-5000人,石油/化工/矿产/地质
三维设计工程师（冶金采矿选矿化工工艺化工机械等）,"['3-4年', '本科', '全部行业', '五险一金', '餐饮补贴', '年终奖金', '绩效奖金', '交通补贴', '带薪年假', '定期体检']",长沙·岳麓区,1-1.5万,中国恩菲工程技术有限公司长沙分公司,1000-5000人,采掘业/冶炼
海外采矿主管,"['2年', '大专', '选矿', '采矿', '英语', '提单', '船务', '现场管理', '五险一金', '补充公积金', '餐饮补贴', '出国机会', '出差补贴']",湛江·赤坎区,1-2万,广东虹鹏新材料资源有限公司,50-150人,石油/化工/矿产/地质
地质、矿产、勘察  评估技术员,"['无需经验', '本科', '地质', '测评', '采矿', '岩土', '五险一金', '员工旅游', '餐饮补贴', '专业培训', '绩效奖金', '年终奖金', '定期体检']",孝感,6-8千,湖北永业行评估咨询有限公司,1000-5000人,专业服务(咨询、人力资源、财会)
采矿工程师,"['3-4年', '大专', '采矿设计', '矿山生产管理', '矿山安全', '带薪年假', '绩效奖金', '节日福利', '年度体检', '五险一金', '包食宿']",博尔塔拉,8千-1.5万·13薪,武汉拓朴资源控股有限公司,1000-5000人,石油/化工/矿产/地质
地质工程师（临沧矿业）,"['3-4年', '大专', '地质', '测绘', '矿产', '资源勘查', '年终奖金', '食宿双包', '社会保险', '休息灵活', '交通报销']",临沧,11-15万/年,云南同德实业集团有限公司,500-1000人,多元化业务集团公司
海外采矿主管,"['2年', '大专', '选矿', '采矿', '英语', '提单', '船务', '现场管理', '五险一金', '补充公积金', '餐饮补贴', '出国机会', '出差补贴']",湛江·赤坎区,1-2万,广东虹鹏新材料资源有限公司,50-150人,石油/化工/矿产/地质
矿产地质技术员-乾峰,"['1年', '大专', '矿山报告编制', '带薪年假', '绩效奖金', '节日福利', '专业培训', '五险一金']",昆明·五华区,3-4.5千,云南金澜建设工程有限公司,150-500人,石油/化工/矿产/地质
采矿工程师,"['3-4年', '大专', '采矿设计', '矿山生产管理', '矿山安全', '带薪年假', '绩效奖金', '节日福利', '年度体检', '五险一金', '包食宿']",宜昌·远安县,8千-1.5万·13薪,武汉拓朴资源控股有限公司,1000-5000人,石油/化工/矿产/地质
地质工程师（临沧矿业）,"['3-4年', '大专', '报告编制', '地质', '地质勘查', '地质勘探', '年终奖金', '食宿双包', '社会保险']",临沧,11-15万/年,云南同德实业集团有限公司,500-1000人,多元化业务集团公司
海外采矿主管,"['2年', '大专', '选矿', '采矿', '英语', '提单', '船务', '现场管理', '五险一金', '补充公积金', '餐饮补贴', '出国机会', '出差补贴']",湛江·赤坎区,1-2万,广东虹鹏新材料资源有限公司,50-150人,石油/化工/矿产/地质
地质工程师,"['1年', '本科', '选矿', '五险一金', '免费班车', '交通补贴', '通讯补贴', '年终奖金', '定期体检']",黔南,11-16万/年,贵州东峰锑业股份有限公司,150-500人,采掘业/冶炼
采矿工程师,"['3-4年', '大专', '采矿设计', '矿山生产管理', '矿山安全', '带薪年假', '绩效奖金', '节日福利', '年度体检', '五险一金', '包食宿']",博尔塔拉,8千-1.5万·13薪,武汉拓朴资源控股有限公司,1000-5000人,石油/化工/矿产/地质
地质工程师（临沧矿业）,"['3-4年', '大专', '报告编制', '地质', '地质勘查', '地质勘探', '年终奖金', '食宿双包', '社会保险']",临沧,11-15万/年,云南同德实业集团有限公司,500-1000人,多元化业务集团公司
地质、矿产、勘察  评估技术员,"['1年', '本科', '地质', '评估', '勘察', '五险一金', '周末双休', '带薪年假', '包吃', '节日福利', '绩效奖金', '专业培训', '住房补贴']",黄冈,5千-1万,湖北永业行评估咨询有限公司,1000-5000人,专业服务(咨询、人力资源、财会)
生产副矿长,"['5-7年', '本科', '现场管理', '生产管理', '采矿工程', '矿业', '采矿工程师', '节日福利', '带薪年假', '绩效奖金', '五险一金']",三门峡,1.2-2.4万,灵宝黄金集团股份有限公司,500-1000人,石油/化工/矿产/地质
技术工程师,"['无需经验', '中技/中专', '采矿', '带薪年假', '绩效奖金', '节日福利', '年度体检', '包食宿']",博尔塔拉,5千-1万·13薪,武汉拓朴资源控股有限公司,1000-5000人,石油/化工/矿产/地质
矿山地质工程师,"['3-4年', '本科', '地质勘查', '3d建模', '矿山地质', '矿山开采', '制图', '3dmine', 'mapgis', '地质', '节日福利', '定期体检', '五险一金', '通讯补贴', '年终奖金', '绩效奖金', '三节福利', '提供食宿']",上饶,1-1.5万,江西济民可信集团有限公司,10000人以上,多元化业务集团公司
地质、矿产、勘察  评估技术员,"['1年', '本科', '五险一金', '餐饮补贴', '定期体检', '年终奖金', '带薪年假', '两周春节假期']",武汉·武昌区,3-5千,湖北永业行评估咨询有限公司,1000-5000人,专业服务(咨询、人力资源、财会)
生产副矿长,"['5-7年', '本科', '现场管理', '生产管理', '采矿工程', '矿业', '采矿工程师', '节日福利', '带薪年假', '绩效奖金', '五险一金']",三门峡,1.2-2.4万,灵宝黄金集团股份有限公司,500-1000人,石油/化工/矿产/地质
技术工程师,"['无需经验', '中技/中专', '采矿', '带薪年假', '绩效奖金', '节日福利', '年度体检', '包食宿']",博尔塔拉,5千-1万·13薪,武汉拓朴资源控股有限公司,1000-5000人,石油/化工/矿产/地质
矿山地质工程师,"['3-4年', '大专', '地质勘探', '物探', '储量核实', '矿产资源勘查', '五险一金', '免费班车', '餐饮补贴']",宜春,1.5-3万,江西康特再生资源回收利用有限公司,,建筑/建材/工程
地质技术员,"['无需经验', '本科', '测绘', '物探', '地质', '编录', '五险一金', '交通补贴', '餐饮补贴', '通讯补贴', '年终奖金', '绩效奖金', '专业培训', '定期体检']",邵阳,4-8千·13薪,新宁县龙口矿业开发有限责任公司,150-500人,采掘业/冶炼
生产副矿长,"['5-7年', '本科', '现场管理', '生产管理', '采矿工程', '矿业', '采矿工程师', '节日福利', '带薪年假', '绩效奖金', '五险一金']",三门峡,1.2-2.4万,灵宝黄金集团股份有限公司,500-1000人,石油/化工/矿产/地质
技术工程师,"['无需经验', '中技/中专', '采矿', '带薪年假', '绩效奖金', '节日福利', '年度体检', '包食宿']",博尔塔拉,5千-1万·13薪,武汉拓朴资源控股有限公司,1000-5000人,石油/化工/矿产/地质
地质工程师（江家墩矿业） (MJ003896),"['5-7年', '大专', '五险一金', '交通补贴', '专业培训', '绩效奖金', '年终奖金', '定期体检']",宜昌·夷陵区,9千-1.2万·13薪,广东邦普循环科技有限公司,5000-10000人,新能源
地质工程师15万-20万,"['5-7年', '本科', '技术服务', '地勘', '地质资料', '地质编录', '地质工程师', '矿山地质', '五险一金', '交通补贴', '餐饮补贴', '通讯补贴', '年终奖金', '绩效奖金', '专业培训', '定期体检']",邵阳,15-20万/年,新宁县龙口矿业开发有限责任公司,150-500人,采掘业/冶炼
生产副矿长,"['5-7年', '本科', '现场管理', '生产管理', '采矿工程', '矿业', '采矿工程师', '节日福利', '带薪年假', '绩效奖金', '五险一金']",三门峡,1.2-2.4万,灵宝黄金集团股份有限公司,500-1000人,石油/化工/矿产/地质
矿山技术员,"['无需经验', '矿山生产', '矿山安全', '带薪年假', '绩效奖金', '节日福利', '年度体检', '五险一金']",宜昌,5千-1万·13薪,武汉拓朴资源控股有限公司,1000-5000人,石油/化工/矿产/地质
地质工程师,"['2年', '本科', '工程师', '五险一金', '绩效奖金', '年终奖金', '通讯补贴', '餐饮补贴', '定期体检', '野外津贴']",成都·郫都区,7千-1.2万·13薪,成都九源地质科技有限公司,少于50人,石油/化工/矿产/地质
矿山资源管理,"['无需经验', '本科', '五险一金', '免费班车', '餐饮补贴', '专业培训', '绩效奖金', '定期体检', '周末双休']",内江,6-9千,四川省星船城水泥股份有限公司,1000-5000人,建筑/建材/工程
生产副矿长,"['5-7年', '本科', '现场管理', '生产管理', '采矿工程', '矿业', '采矿工程师', '节日福利', '带薪年假', '绩效奖金', '五险一金']",三门峡,1.2-2.4万,灵宝黄金集团股份有限公司,500-1000人,石油/化工/矿产/地质
矿山技术员,"['无需经验', '矿山生产', '矿山安全', '带薪年假', '绩效奖金', '节日福利', '年度体检', '五险一金']",宜昌,5千-1万·13薪,武汉拓朴资源控股有限公司,1000-5000人,石油/化工/矿产/地质
地质工程师15万-20万,"['5-7年', '本科', '技术服务', '地勘', '地质资料', '地质编录', '五险一金', '交通补贴', '餐饮补贴', '通讯补贴', '年终奖金', '绩效奖金', '专业培训', '定期体检']",邵阳,15-20万/年,新宁县龙口矿业开发有限责任公司,150-500人,采掘业/冶炼
矿山资源管理,"['无需经验', '本科', '五险一金', '免费班车', '餐饮补贴', '专业培训', '绩效奖金', '定期体检', '周末双休']",成都·高新区,6-9千,四川省星船城水泥股份有限公司,1000-5000人,建筑/建材/工程
生产副矿长,"['5-7年', '本科', '现场管理', '生产管理', '采矿工程', '矿业', '采矿工程师', '节日福利', '带薪年假', '绩效奖金', '五险一金']",三门峡,1.2-2.4万,灵宝黄金集团股份有限公司,500-1000人,石油/化工/矿产/地质
矿山技术员,"['无需经验', '矿山生产', '矿山安全', '带薪年假', '绩效奖金', '节日福利', '年度体检', '五险一金']",宜昌,5千-1万·13薪,武汉拓朴资源控股有限公司,1000-5000人,石油/化工/矿产/地质
地质工程师15万/年-20万/年,"['5-7年', '本科', '地质资料', '地质勘探', '地质编录', '现场管理', '电子档案', '矿石损失', '五险一金', '交通补贴', '餐饮补贴', '通讯补贴', '年终奖金', '绩效奖金', '专业培训', '定期体检']",邵阳,15-20万/年,新宁县龙口矿业开发有限责任公司,150-500人,采掘业/冶炼
助理地质工程师 (MJ003621),"['3-4年', '大专', '地质灾害', '五险一金', '交通补贴', '专业培训', '绩效奖金', '年终奖金', '定期体检']",宜昌·夷陵区,6-8千·13薪,广东邦普循环科技有限公司,5000-10000人,新能源
生产副矿长,"['5-7年', '本科', '现场管理', '生产管理', '采矿工程', '矿业', '采矿工程师', '节日福利', '带薪年假', '绩效奖金', '五险一金']",三门峡,1.2-2.4万,灵宝黄金集团股份有限公司,500-1000人,石油/化工/矿产/地质
矿山技术员,"['无需经验', '矿山生产', '矿山安全', '带薪年假', '绩效奖金', '节日福利', '年度体检', '五险一金']",宜昌,5千-1万·13薪,武汉拓朴资源控股有限公司,1000-5000人,石油/化工/矿产/地质
地质工程师,"['无需经验', '本科', '污染调查', '报告编制', '地下水', '地质', '双休', '五险一金', '五险一金', '补充医疗保险', '年终奖金', '弹性工作', '定期体检', '绩效奖金', '野外补贴']",武汉·东湖新技术产业开发区,8千-1.2万,湖北拓界地质环境工程有限公司,少于50人,石油/化工/矿产/地质
采、选矿、地质、冶金、化工工程师,"['无需经验', '本科', '绩效奖金', '年终奖金', '定期体检', '职工食堂', '五险一金']",攀枝花,1-1.5万,四川安宁铁钛股份有限公司,,石油/化工/矿产/地质
生产副矿长,"['5-7年', '本科', '现场管理', '生产管理', '采矿工程', '矿业', '采矿工程师', '节日福利', '带薪年假', '绩效奖金', '五险一金']",三门峡,1.2-2.4万,灵宝黄金集团股份有限公司,500-1000人,石油/化工/矿产/地质
矿山技术员,"['无需经验', '矿山生产', '矿山安全', '带薪年假', '绩效奖金', '节日福利', '年度体检', '五险一金']",宜昌,5千-1万·13薪,武汉拓朴资源控股有限公司,1000-5000人,石油/化工/矿产/地质
萤石矿开采技术员,"['5-7年', '大专', '施工方案', '统计', '检测', '维护', '统计分析', '数据采集', '数据支持', '安全生产管理', '采矿', '地质', '补充医疗保险', '绩效奖金', '年终奖金', '员工旅游', '定期体检', '专业培训']",南昌,2-2.1万,江西裕阳瑞资产管理有限公司,50-150人,石油/化工/矿产/地质
地质工程师,"['5-7年', '大专', '尽职调查', '技术管理', '技术监理']",楚雄,1.2-1.5万,云南德邦行实业有限公司,50-150人,贸易/进出口
生产副矿长,"['5-7年', '本科', '现场管理', '生产管理', '采矿工程', '矿业', '采矿工程师', '节日福利', '带薪年假', '绩效奖金', '五险一金']",三门峡,1.2-2.4万,灵宝黄金集团股份有限公司,500-1000人,石油/化工/矿产/地质
地质工程师,"['1年', '本科', '地质勘查', 'cad', '五险一金', '餐饮补贴', '交通补贴', '通讯补贴', '专业培训', '绩效奖金']",武汉·洪山区,4-8千,湖北德势弘房地资产评估咨询有限公司,50-150人,专业服务(咨询、人力资源、财会)
萤石矿开采技术员,"['5-7年', '大专', '施工方案', '统计', '检测', '维护', '统计分析', '数据采集', '数据支持', '安全生产管理', '采矿', '地质', '补充医疗保险', '绩效奖金', '年终奖金', '员工旅游', '定期体检', '专业培训']",南昌,2-2.1万,江西裕阳瑞资产管理有限公司,50-150人,石油/化工/矿产/地质
选矿工程师,"['5-7年', '大专', '质量管理', '工艺试验', '选矿', '选矿工艺', '科研技改', '生产组织协调']",楚雄,1.2-1.6万,云南德邦行实业有限公司,50-150人,贸易/进出口
技术副矿长,"['5-7年', '本科', '工程师', '测绘工程', '地质工程', '采矿工程', '有色金属行业', '节日福利', '带薪年假', '绩效奖金', '五险一金']",三门峡,1.2-2.4万,灵宝黄金集团股份有限公司,500-1000人,石油/化工/矿产/地质
测量工艺工程师（江家墩矿业） (MJ003895),"['5-7年', '大专', '五险一金', '交通补贴', '专业培训', '绩效奖金', '年终奖金', '定期体检']",宜昌·夷陵区,9千-1.2万·13薪,广东邦普循环科技有限公司,5000-10000人,新能源
萤石矿开采技术员,"['5-7年', '大专', '施工方案', '统计', '检测', '维护', '统计分析', '数据采集', '数据支持', '安全生产管理', '采矿', '地质', '补充医疗保险', '绩效奖金', '年终奖金', '员工旅游', '定期体检', '专业培训']",南昌,2-2.1万,江西裕阳瑞资产管理有限公司,50-150人,石油/化工/矿产/地质
矿山管理,"['5-7年', '本科']",承德,5-6千,承德金亿达矿业集团有限公司,150-500人,石油/化工/矿产/地质
技术副矿长,"['5-7年', '本科', '工程师', '测绘工程', '地质工程', '采矿工程', '有色金属行业', '节日福利', '带薪年假', '绩效奖金', '五险一金']",三门峡,1.2-2.4万,灵宝黄金集团股份有限公司,500-1000人,石油/化工/矿产/地质
矿物加工,"['无需经验', '本科', '选矿', '采矿', '物探', '矿物加工']",武汉·东湖新技术产业开发区,8千-1万,武汉开圣科技有限责任公司,50-150人,石油/化工/矿产/地质
矿产资源规划技术人员,"['1年', '本科', '采矿', '地质', '呈贡', '五险一金', '专业培训', '餐饮补贴', '定期体检', '项目绩效', '健身俱乐部']",昆明·呈贡区,3-4.5千,昆明市土地开发整理中心,150-500人,农/林/牧/渔
矿山副经理,"['8-9年', '本科', '管理', '英语', '采矿', '地质', '测量测绘', '矿山', '采矿计划', '五险一金', '年终奖金', '餐饮补贴', '专业培训', '双休', '免费班车', '定期体检']",湖州,2.5-3万·13薪,合肥青青猎人企业管理咨询有限公司,,专业服务(咨询、人力资源、财会)
技术副矿长,"['5-7年', '本科', '工程师', '测绘工程', '地质工程', '采矿工程', '有色金属行业', '节日福利', '带薪年假', '绩效奖金', '五险一金']",三门峡,1.2-2.4万,灵宝黄金集团股份有限公司,500-1000人,石油/化工/矿产/地质
采煤技术员,"['无需经验', '本科', '资料收集', '测绘工程', '设备', '采矿', '地质', '矿山', '五险一金', '食宿免费', '外出培训', '带薪休假', '健康体检']",文山,1.2-1.5万,云南端田矿业科技开发有限公司,50-150人,石油/化工/矿产/地质
勘探员（煤矿）,"['5-7年', '大专', '测量', '现场生产管理', '采矿', '地质', '矿业', '餐饮补贴', '交通补贴', '五险一金']",西安·莲湖区,8千-1万,深圳通用能源控股有限公司,50-150人,房地产
地质工程师,"['5-7年', '本科', '采矿', '地质', '勘探', '矿山开采', '地质勘察', '矿产地质', '探矿工程', '五险一金', '交通补贴', '免费班车', '定期体检', '双休', '集中休假', '免费住宿']",凉山,1.4-1.6万,雷波凯瑞磷化工有限责任公司,1000-5000人,石油/化工/矿产/地质
技术副矿长,"['5-7年', '本科', '工程师', '测绘工程', '地质工程', '采矿工程', '有色金属行业', '节日福利', '带薪年假', '绩效奖金', '五险一金']",三门峡,1.2-2.4万,灵宝黄金集团股份有限公司,500-1000人,石油/化工/矿产/地质
采煤技术员,"['无需经验', '本科', '资料收集', '测绘工程', '设备', '采矿', '地质', '矿山', '五险一金', '食宿免费', '外出培训', '带薪休假', '健康体检']",文山,1.2-1.5万,云南端田矿业科技开发有限公司,50-150人,石油/化工/矿产/地质
矿山开采设计    工程师,"['2年', '本科', '采矿', '安全员', '安全工程师', '地质', '矿山', '爆炸', '爆破', '采石场', '煤矿', '尾矿库', '五险一金', '补充医疗保险', '员工旅游', '专业培训', '绩效奖金', '定期体检', '带薪年假']",广州·海珠区,8千-1.5万,广东金泰达安全科技有限公司,150-500人,学术/科研
地质工程师,"['5-7年', '本科', '采矿', '地质', '勘探', '矿山开采', '地质勘察', '矿产地质', '探矿工程', '五险一金', '交通补贴', '免费班车', '定期体检', '双休', '集中休假', '免费住宿']",凉山,1.4-1.6万,雷波凯瑞磷化工有限责任公司,1000-5000人,石油/化工/矿产/地质
技术副矿长,"['5-7年', '本科', '工程师', '测绘工程', '地质工程', '采矿工程', '有色金属行业', '节日福利', '带薪年假', '绩效奖金', '五险一金']",三门峡,1.2-2.4万,灵宝黄金集团股份有限公司,500-1000人,石油/化工/矿产/地质
采煤技术员,"['无需经验', '本科', '资料收集', '测绘工程', '设备', '采矿', '地质', '矿山', '五险一金', '食宿免费', '外出培训', '带薪休假', '健康体检']",文山,1.2-1.5万,云南端田矿业科技开发有限公司,50-150人,石油/化工/矿产/地质
地质技术人员,"['1年', '中技/中专', '采矿', '物探', '选矿', '周末双休', '带薪年假', '五险一金', '免费班车', '绩效奖金', '节日福利', '专业培训', '高温补贴']",广州·白云区,6-8千·13薪,广州市越德企业管理咨询有限公司,500-1000人,建筑/建材/工程
矿山生产管理（常驻老挝）,"['10年以上', '大专', '煤矿', '采矿', '生产管理', '五险一金', '补充医疗保险', '出国机会', '年终奖金', '定期体检', '绩效奖金']",北京·海淀区,2.5-3.5万,中农国际钾盐开发有限公司,1000-5000人,石油/化工/矿产/地质
技术副矿长,"['5-7年', '本科', '工程师', '测绘工程', '地质工程', '采矿工程', '有色金属行业', '节日福利', '带薪年假', '绩效奖金', '五险一金']",三门峡,1.2-2.4万,灵宝黄金集团股份有限公司,500-1000人,石油/化工/矿产/地质
采煤技术员,"['无需经验', '本科', '资料收集', '测绘工程', '设备', '采矿', '地质', '矿山', '五险一金', '食宿免费', '外出培训', '带薪休假', '健康体检']",文山,1.2-1.5万,云南端田矿业科技开发有限公司,50-150人,石油/化工/矿产/地质
矿产前期经理,"['5-7年', '大专', '矿业', '探矿权', '采矿权', '矿厂', '煤矿', '补充医疗保险', '专业培训', '年终奖金', '绩效奖金', '定期体检', '节日福利', '股票期权', '五险']",昆明·西山区,1-1.5万,云南明德建设工程有限公司,50-150人,建筑/建材/工程
巷道通风技术员,"['3-4年', '大专', '采矿', '通风', '五险', '包吃住', '销售奖', '定期体检', '过节费', '定制员工服', '带薪休假']",克孜勒苏柯尔克孜,9千-1.2万,乌恰县阿克塔什铁矿,,石油/化工/矿产/地质
技术副矿长,"['5-7年', '本科', '工程师', '测绘工程', '地质工程', '采矿工程', '有色金属行业', '节日福利', '带薪年假', '绩效奖金', '五险一金']",三门峡,1.2-2.4万,灵宝黄金集团股份有限公司,500-1000人,石油/化工/矿产/地质
探采中心主任,"['10年以上', '本科', '采矿', '五险一金', '免费班车', '交通补贴', '通讯补贴', '年终奖金', '定期体检']",黔南,18-25万/年,贵州东峰锑业股份有限公司,150-500人,采掘业/冶炼
勘察地质工程师,"['1年', '本科', '岩土工程', '水利水电工程', '工程地质', '地质工程', '水文地质', '采矿工程', '资源勘查工程', '矿山地质', '环境地质', '开发利用方案', '五险一金', '专业培训', '餐饮补贴', '定期体检', '项目绩效', '健身俱乐部']",昆明·西山区,4-8千,昆明市土地开发整理中心,150-500人,农/林/牧/渔
选矿技术员,"['2年', '本科', '地质', 'cad', '矿物加工', '五险一金', '定期体检', '专业培训', '餐饮补贴', '年终奖金']",北海,6-7千·13薪,广西南玻石英材料有限公司,,原材料和加工
技术副矿长,"['5-7年', '本科', '工程师', '测绘工程', '地质工程', '采矿工程', '有色金属行业', '节日福利', '带薪年假', '绩效奖金', '五险一金']",三门峡,1.2-2.4万,灵宝黄金集团股份有限公司,500-1000人,石油/化工/矿产/地质
地质地理类 英文学术期刊助理编辑,"['无需经验', '硕士', '采矿', '物探', '岩土', '测绘', '石油', '选矿', '煤矿', '矿物加工', '绩效奖金', '带薪年假', '国假双休', '节日福利', '餐补交补', '定期体检', '活动经费', '图书经费', '儿童福利', '六险一金']",北京·海淀区,1.4-1.9万,曼迪匹艾（北京）科技服务有限公司,5000-10000人,文字媒体/出版
总工程师,"['8-9年', '本科', '选矿', '冶炼', '采矿', '五险一金', '年终奖金', '定期体检', '交通补贴', '生日会', '免费员工餐', '免费宿舍', '绩效奖金', '通讯补贴']",黔南,40-60万/年,贵州东峰锑业股份有限公司,150-500人,采掘业/冶炼
地质技术员,"['无需经验', '大专', '带薪年假', '五险一金', '包住宿', '绩效奖金', '节日福利', '专业培训', '餐饮补贴', '高温补贴']",北海,6-8千,信义玻璃控股有限公司,10000人以上,建筑/建材/工程
技术副矿长,"['5-7年', '本科', '工程师', '测绘工程', '地质工程', '采矿工程', '有色金属行业', '节日福利', '带薪年假', '绩效奖金', '五险一金']",三门峡,1.2-2.4万,灵宝黄金集团股份有限公司,500-1000人,石油/化工/矿产/地质
地质工程师（建水矿业）,"['3-4年', '大专', '报告编制', '地质勘查', '地质勘探', '地质', '报告', '食宿双包', '年终奖金', '购买五险', '休息灵活', '交通报销']",红河州,11-15万/年,云南同德实业集团有限公司,500-1000人,多元化业务集团公司
矿山地质工程师,"['5-7年', '大专', '施工方案', 'cad', '素描', '计算机应用', '地质', '地形', '水文', '地貌', '地质构造', '员工食堂', '住宿', '五险一金', '绩效奖金', '节日福利', '专业培训', '餐饮补贴', '年薪']",贵阳·开阳县,8千-1.2万,贵州胜威福全化工有限公司,500-1000人,石油/化工/矿产/地质
地质技术员,"['2年', '本科', '地质', '五险一金', '补充医疗保险', '补充公积金', '员工旅游', '交通补贴', '餐饮补贴', '专业培训', '高温长假', '年终奖金']",凉山,7-9千,雷波凯瑞磷化工有限责任公司,1000-5000人,石油/化工/矿产/地质
矿山地质工程师,"['10年以上', '本科', '宣传', '团队建设', '企业文化建设', '地质', '地质勘查', '地质资料', '地质填图', '勘查报告', '专业培训', '年终奖金', '定期体检', '通讯补贴', '绩效奖金']",赣州·赣县区,3-5万·14薪,赣州摩通贸易有限公司,1000-5000人,石油/化工/矿产/地质
地质工程师（石屏矿业）,"['3-4年', '大专', '报告编制', '地质勘查', '地质勘探', '地质', '报告', '食宿双包', '年终奖金', '购买五险', '休息灵活', '交通报销']",红河州,11-15万/年,云南同德实业集团有限公司,500-1000人,多元化业务集团公司
地质工程师,"['3-4年', '本科', '地质', '勘探', '探矿', '物探', '选矿', '矿山', '勘探工程师', '地质工程师', '五险一金', '员工旅游', '出国机会', '绩效奖金', '餐饮补贴', '交通补贴', '年终奖金', '定期体检']",北京·东城区,1.5-2.5万·14薪,北京正和正信投资管理有限公司,少于50人,金融/投资/证券
地质技术员,"['2年', '本科', '地质', '五险一金', '补充医疗保险', '补充公积金', '员工旅游', '交通补贴', '餐饮补贴', '专业培训', '高温长假', '年终奖金']",凉山,7-9千,雷波凯瑞磷化工有限责任公司,1000-5000人,石油/化工/矿产/地质
矿山地质工程师,"['10年以上', '本科', '宣传', '团队建设', '企业文化建设', '地质', '地质勘查', '地质资料', '地质填图', '勘查报告', '专业培训', '年终奖金', '定期体检', '通讯补贴', '绩效奖金']",赣州·赣县区,3-5万·14薪,赣州摩通贸易有限公司,1000-5000人,石油/化工/矿产/地质
矿长,"['10年以上', '大专', '五险一金', '补充医疗保险', '免费班车', '通讯补贴', '餐饮补贴', '交通补贴', '绩效奖金', '定期体检']",郴州,2.5-4万,陕西创普斯新能源科技有限公司,150-500人,新能源
矿产地质工程师（乾峰）,"['5-7年', '本科', '地质工程师', '五险一金', '全勤奖', '带薪年假', '周末双休']",昆明·五华区,5千-1万,云南金澜建设工程有限公司,150-500人,石油/化工/矿产/地质
地质勘探,"['3-4年', '本科', '物探', '选矿', '勘探', '地质', '探矿', '矿山', '地质勘探', '英语', '五险一金', '员工旅游', '出国机会', '定期体检', '年终奖金', '绩效奖金', '餐饮补贴', '交通补贴']",北京·东城区,1.4-2万·14薪,北京正和正信投资管理有限公司,少于50人,金融/投资/证券
矿山地质工程师,"['10年以上', '本科', '宣传', '团队建设', '企业文化建设', '地质', '地质勘查', '地质资料', '地质填图', '勘查报告', '专业培训', '年终奖金', '定期体检', '通讯补贴', '绩效奖金']",赣州·赣县区,3-5万·14薪,赣州摩通贸易有限公司,1000-5000人,石油/化工/矿产/地质
地质勘查技术员,"['2年', '大专', '办公软件', '归档', '报告编制', '地质工程', '成果汇报', '地质', '矿产', '储量核实', '资源勘查', '地质灾害评估', '五险一金', '餐饮补贴', '专业培训', '绩效奖金', '定期体检', '带薪年假', '双休', '法定假日', '过节慰问']",武汉·武昌区,7.2-12万/年,湖北天地源勘查设计有限公司,50-150人,石油/化工/矿产/地质
水文地质工程师,"['3-4年', '本科', '地质', '水文地质', '矿山', '煤矿', '水文地质调查', '地质工程师', '绩效奖金', '定期体检', '专业培训', '上市公司', '年终奖金', '五险', '提供食宿']",黔南,1-1.5万,深圳市芭田生态工程股份有限公司,1000-5000人,农/林/牧/渔
选矿工程师,"['3-4年', '大专', '选矿', '选矿工艺', '选矿流程', '法定节假日', '五险一金', '员工旅游', '专业培训', '年终奖金', '绩效奖金', '交通补贴', '免费旅游']",襄阳·谷城县,7千-1.4万,湖北潘达尔硅基新材料有限责任公司,,建筑/建材/工程
矿山地质工程师,"['10年以上', '本科', '宣传', '团队建设', '企业文化建设', '地质', '地质勘查', '地质资料', '地质填图', '勘查报告', '专业培训', '年终奖金', '定期体检', '通讯补贴', '绩效奖金']",赣州·赣县区,3-5万·14薪,赣州摩通贸易有限公司,1000-5000人,石油/化工/矿产/地质
矿山地质技术员,"['无需经验', '大专', '数据分析', '验收', '环保', '写作', '制图', '英语阅读', '可行性研究', '施工验收', '工程地质', '工程档案', '员工食堂', '住宿', '五险一金', '绩效奖金', '节日福利', '专业培训', '餐饮补贴', '年薪']",黔南,5-7千,贵州胜威福全化工有限公司,500-1000人,石油/化工/矿产/地质
技术员（煤矿）,"['3-4年', '大专', '安全管理', '煤矿技术员', '煤矿技术管理']",西安·莲湖区,1-1.5万,深圳通用能源控股有限公司,50-150人,房地产
煤矿定额员,"['1年', '大专', '计算机', '办公软件', 'excel', '土木工程', 'word', '劳动用工', '五险一金', '带薪年假', '专业培训', '绩效奖金']",朔州,8千-1.1万,中国秦发集团,1000-5000人,多元化业务集团公司
矿产勘查项目经理,"['5-7年', '本科', '五险一金', '餐饮补贴', '专业培训', '绩效奖金', '定期体检', '带薪年假', '双休', '法定假日', '过节慰问']",武汉·武昌区,15-30万/年,湖北天地源勘查设计有限公司,50-150人,石油/化工/矿产/地质
选矿技术员,"['无需经验', '大专', '管理', '设备维护', '指导', '技术分析', '矿物加工', '开采', '选矿设备', '选矿技术', '员工食堂', '住宿', '五险一金', '绩效奖金', '节日福利', '专业培训', '餐饮补贴', '年薪']",黔南,5-7千,贵州胜威福全化工有限公司,500-1000人,石油/化工/矿产/地质
地质工程师,"['5-7年', '大专', '岩土', '地质', '缴纳五险', '定期体检']",洛阳·栾川县,10-15万/年,河南中天矿业有限公司,50-150人,石油/化工/矿产/地质
水文地质工程师,"['2年', '本科', '员工旅游', '餐饮补贴', '绩效奖金', '弹性工作', '定期体检', '五险一金', '专业培训']",南昌·红谷滩新区,7.5千-1.5万,辽宁时越市政工程设计有限公司南昌分公司,50-150人,专业服务(咨询、人力资源、财会)
研究员(博士),"['无需经验', '博士', '有机化学', '化工', '招聘计划', '半导体材料', '人工智能', '高分子材料', '物理化学', '金属材料', '机器视觉', '机械自动化', '五险一金', '餐饮补贴', '通讯补贴', '免费体检', '补充医疗保险', '差旅费补贴']",南昌·青山湖区,30-36万/年,江西铜业股份有限公司,10000人以上,采掘业/冶炼
矿物加工工程师,"['2年', '本科', '工程管理', '加工工艺', '采矿工程', '矿业工程', '试验研究', '矿物加工工程', '评价', '绩效奖金', '全勤奖', '五险', '员工旅游', '专业培训', '弹性工作']",广州·花都区,8千-1.2万,广州市龙粤环保机械设备有限公司,150-500人,机械/设备/重工
矿业项目经理,"['无需经验', '大专', '项目管理', '项目计划', '进度安排', '矿业', '发展空间大', '专业培训', '定期体检', '提供食宿']",贵阳,1.4-2万,长沙志云建设工程有限公司,50-150人,建筑/建材/工程
地质矿产,"['3-4年', '本科', '地质矿产', '矿产勘查', '五险一金', '员工旅游', '交通补贴', '餐饮补贴', '通讯补贴', '专业培训', '绩效奖金', '年终奖金', '弹性工作', '职工宿舍']",重庆·渝北区,8千-1.6万,重庆市吉丰地质勘查有限公司,150-500人,石油/化工/矿产/地质
地质工程师,"['3-4年', '本科', '物探', '测绘', '岩土', '五险一金', '年终奖金']",成都·高新区,10-15万/年,四川诚道吉科技股份有限公司,,电气/电力/水利
矿长,"['10年以上', '本科', '五险一金', '餐饮补贴', '通讯补贴', '绩效奖金', '包住宿', '带薪年假', '节日福利']",凉山,50-80万/年,雷波凯瑞磷化工有限责任公司,500-1000人,石油/化工/矿产/地质
地质员,"['1年', '大专', '五险一金', '专业培训', '定期体检', '餐饮补贴']",昆明·西山区,7千-1万,深圳市佳鸿集团控股有限公司,5000-10000人,贸易/进出口
选矿工程师(J11057),"['无需经验', '硕士', '五险一金', '包食宿', '年终奖金', '高温补贴']",宜春,9千-1.4万·13薪,国轩高科股份有限公司,10000人以上,新能源
地质工程师,"['无需经验', '硕士']",北京,2-2.5万·13薪,斯伦贝谢（中国）投资有限公司,10000人以上,石油/化工/矿产/地质
矿业类 英文学术期刊助理编辑,"['无需经验', '硕士', '英语六级', '处理稿件', '同行评审', '采矿工程', '石油工程', '矿物资源工程', '油气储运工程', '矿物加工工程', '交通补贴', '绩效奖金', '年终奖金', '六险一金']",南京·江宁区,1.2-1.7万,曼迪匹艾（南京）科技服务有限公司,50-150人,文字媒体/出版
矿物加工室主任,"['3-4年', '本科', '选矿', '球团', '试验', '研究', '五险一金']",黄石,8千-1.3万,武汉开圣科技有限责任公司,50-150人,石油/化工/矿产/地质
矿产部经理,"['3-4年', '本科', '选矿', '物探', '探矿', '矿产', '矿业', '金矿', '矿产经理', '地质', '地质勘探', '五险一金', '员工旅游', '交通补贴', '餐饮补贴', '年终奖金', '绩效奖金', '定期体检', '出国机会']",北京·东城区,1.5-2.5万·14薪,北京正和正信投资管理有限公司,少于50人,金融/投资/证券
选矿总工,"['3-4年', '本科', '技术管理', '报告编写', '指标分析', '试验操作', '流程改进', '设计工艺', '设备参数', '选厂', '铁矿', '试验数据整理', '五险一金', '员工旅游', '交通补贴', '餐饮补贴', '通讯补贴', '专业培训', '绩效奖金', '年终奖金', '弹性工作', '定期体检']",大连·中山区,25-50万/年,大连晟凯国际贸易有限公司,,贸易/进出口
运营总监（矿）-外派,"['10年以上', '大专', '管理', '财务', '行政管理', '管理体系', '战略管理', '降本增效', '生产运营管理', '采矿', '采矿工程', '人事安排']",北京·朝阳区,3.5-4万,多弗国际控股集团有限公司,10000人以上,多元化业务集团公司
矿物加工室主任,"['3-4年', '本科', '选矿', '球团', '试验', '研究', '五险一金']",黄石,8千-1.3万,武汉开圣科技有限责任公司,50-150人,石油/化工/矿产/地质
选矿工程师(J11057),"['无需经验', '硕士', '矿业工程', '矿物加工工程', '五险一金', '员工旅游']",宜春,1-1.4万·13薪,国轩高科股份有限公司,10000人以上,新能源
锂矿选矿技术工程师,"['3-4年', '大专', '五险一金', '餐饮补贴', '绩效奖金', '年终奖金', '通讯补贴']",湖州·长兴县,1-2万,长兴天赢进出口有限公司,10000人以上,新能源
中青年博士/博士后,"['无需经验', '博士', '加班补贴', '免费班车', '周末双休', '节日福利', '五险一金', '绩效奖金']",西安·长安区,20-30万/年,西安科技大学高新学院,500-1000人,教育/培训/院校
工程地质技术员,"['无需经验', '本科', '工程地质', '绩效奖金', '节日福利', '餐饮补贴', '五险一金', '交通补贴', '通讯补贴', '年终奖金', '出国机会', '员工旅游']",北京·海淀区,1.2-2万,中澳恒基科技有限公司,150-500人,建筑/建材/工程
地质工程师,"['无需经验', '本科']",重庆·渝中区,6-12万/年,重庆美高科技有限公司,50-150人,多元化业务集团公司
地质油藏工程师,"['2年', '本科', '地质油藏师', '石油工程', '五险一金', '定期体检', '年终奖金', '绩效奖金', '包吃包住']",惠州·大亚湾区,1.5-2.5万,中润石油技术（深圳）有限公司,10000人以上,专业服务(咨询、人力资源、财会)
矿山地质工程师,"['8-9年', '大专', '计算机', '地质勘察', '地质', '国粤语', '地质资料', '石英石', '专业培训', '定期体检']",佛山·禅城区,2-3万,广东新中源陶瓷有限公司,1000-5000人,快速消费品(食品、饮料、化妆品)
砂石骨料矿山管理岗-骨料基地,"['5-7年', '本科', '机械', '机电', '安全', '工艺', '带队', '土地', '采矿', '矿山开采', '施工设计', '绩效奖金', '定期体检', '六险二金', '专业培训']",肇庆,1.5-3万·15薪,华润水泥投资有限公司,10000人以上,建筑/建材/工程
造价工程师（矿山井建方向）,"['5-7年', '本科', '采矿', '选矿', '地下矿山造价', '五险一金', '餐饮补贴', '定期体检', '交通补贴', '专业培训', '绩效奖金', '年终奖金', '股票期权']",新余,1-1.5万,江西赣锋锂业集团股份有限公司,1000-5000人,石油/化工/矿产/地质
矿山副总经理（西藏拉萨）,"['3-4年', '大专', '采矿', '地质', '日常检查', '矿山', '矿山生产', '矿山生产管理', '包吃', '包住', '五险', '年假']",拉萨,2-2.5万,安徽华西稀有金属材料有限公司,50-150人,原材料和加工
地质技术员,"['5-7年', '本科', '测试', 'cad', '电脑', 'gis', '统计分析', '制备', '地质学', '数据处理软件', '地图制图', '矿物学', '周末双休', '五险一金', '定期体检', '带薪年假', '员工旅游', '年终奖金', '餐饮补贴']",郴州,1-1.5万·13薪,深圳市大为创新科技股份有限公司,150-500人,多元化业务集团公司
地质工程师,"['1年', '本科', '地质工程', '地质勘查', '地质资料', '矿产资源', '五险一金', '定期体检', '包吃包住', '节日福利', '生日津贴', '年终奖金']",凉山,1.2-2万,豫光（成都）科技有限公司,少于50人,贸易/进出口
造价工程师（矿山井建方向）,"['5-7年', '本科', '采矿', '选矿', '地下矿山造价', '五险一金', '餐饮补贴', '定期体检', '交通补贴', '专业培训', '绩效奖金', '年终奖金', '股票期权']",新余,1-1.5万,江西赣锋锂业集团股份有限公司,1000-5000人,石油/化工/矿产/地质
矿山副总经理（西藏拉萨）,"['3-4年', '大专', '采矿', '地质', '日常检查', '矿山', '矿山生产', '矿山生产管理', '包吃', '包住', '五险', '年假']",拉萨,2-2.5万,安徽华西稀有金属材料有限公司,50-150人,原材料和加工
选矿主任,"['3-4年', '大专', '五险一金', '定期体检', '专业培训', '餐饮补贴', '年终奖金']",北海,8千-1.2万·13薪,广西南玻石英材料有限公司,,原材料和加工
矿山设计（包括但不限于初步设计）,"['3-4年', '本科', '施工图设计', '招投标', '设计方案', '现场调研', '采矿工程', '设计项目', '安全设施设计', '投标文档', '矿山设计', '矿物工程', '绩效奖金', '年终奖金', '周末双休', '高温补贴', '带薪年假', '交通补贴', '***宿舍', '五险']",武汉·武昌区,8千-1.6万,中技国际工程有限公司,150-500人,建筑/建材/工程
地质工程师（集团总部）,"['3-4年', '本科', '前期勘察', '制图软件', '设计院', '储量报告', '矿山地质', '探矿计划', '五险一金', '专业培训', '通讯补贴', '年终奖金', '餐饮补贴', '绩效奖金', '交通补贴', '定期体检', '股票期权']",新余,1-2万,江西赣锋锂业集团股份有限公司,1000-5000人,石油/化工/矿产/地质
销售经理,"['1年', '本科', '销售', '市场', '市场营销', '市场开拓', '项目运作', '销售产品', '市场渠道开拓', '五险一金', '绩效奖金', '年终奖金', '专业培训', '节日福利', '交通补贴', '高额提成']",武汉·东湖新技术产业开发区,8千-1.6万,湖北海震科创技术有限公司,少于50人,电子技术/半导体/集成电路
矿业类 英文学术期刊助理编辑（光谷）,"['无需经验', '硕士', '采矿工程', '石油工程', '矿物加工', '油气储运', '英语', '双休', '绩效奖金', '定期体检', '带薪年假', '国假双休', '节日福利', '活动经费', '儿童福利', '六险一金', '出国机会']",武汉·洪山区,1.1-1.6万,曼迪匹艾（武汉）科技服务有限公司,1000-5000人,学术/科研
矿山通风技术员,"['无需经验', '大专', '调试设备', '通风', '事故调查', '通风系统', '煤矿', '采矿技术', '风机', '通风设备', '员工食堂', '住宿', '五险一金', '绩效奖金', '节日福利', '专业培训', '餐饮补贴', '年薪']",黔南,5-7千,贵州胜威福全化工有限公司,500-1000人,石油/化工/矿产/地质
集控操作员,"['无需经验', '本科', '五险一金', '食宿免费', '外出培训', '带薪休假', '健康体检', '节假福利等', '项目管理', '采矿', '材料', '矿山', '方案设计', '培训', '电气', '视频类软件', '设计']",文山,1.2-1.5万,云南端田矿业科技开发有限公司,50-150人,石油/化工/矿产/地质
矿长,"['5-7年', '本科', '经营管理', '安全生产', '应急救援预案', '治安保卫', '物资供应', '矿山生产', '中期规划', '指标体系', '安全管理', '培训', '五险一金', '绩效奖金', '弹性工作', '定期体检', '员工旅游', '专业培训', '团队活动', '上市公司']",黔南,2.8-4.2万,深圳市芭田生态工程股份有限公司,1000-5000人,农/林/牧/渔
地质工程师,"['3-4年', '大专', '五险一金', '提供住宿']",乐山,15-20万/年,福华通达化学股份公司,1000-5000人,石油/化工/矿产/地质
矿业类 英文学术期刊助理编辑（汉口）,"['无需经验', '硕士', '采矿工程', '石油工程', '矿物加工工程', '油气储运工程', '编辑', '英语', '双休', '绩效奖金', '定期体检', '带薪年假', '国假双休', '节日福利', '活动经费', '儿童福利', '六险一金', '综合补贴']",武汉·硚口区,1.1-1.6万,曼迪匹艾（武汉）科技服务有限公司,1000-5000人,学术/科研
集控操作员,"['无需经验', '本科', '五险一金', '食宿免费', '外出培训', '带薪休假', '健康体检', '节假福利等', '项目管理', '采矿', '材料', '矿山', '方案设计', '培训', '电气', '视频类软件', '设计']",文山,1.2-1.5万,云南端田矿业科技开发有限公司,50-150人,石油/化工/矿产/地质
矿山项目经理,"['10年以上', '本科', '矿山项目经理', '选矿承包', '选矿', '通讯补贴', '出国机会', '绩效奖金', '定期体检', '包吃包住', '探亲路费', '带薪休假']",西安,20-30万/年,西安天宙矿业科技集团有限公司,500-1000人,石油/化工/矿产/地质
选矿工程师,"['5-7年', '本科', '五险一金', '交通补贴', '餐饮补贴', '通讯补贴', '年终奖金', '绩效奖金', '定期体检']",昆明·盘龙区,1.2-2万,中国恩菲工程技术有限公司成都分公司,150-500人,石油/化工/矿产/地质
生产经理（煤矿）,"['5-7年', '煤矿生产']",西安·莲湖区,1.5-2万,深圳通用能源控股有限公司,50-150人,房地产
集控操作员,"['无需经验', '本科', '五险一金', '食宿免费', '外出培训', '带薪休假', '健康体检', '节假福利等', '项目管理', '采矿', '材料', '矿山', '方案设计', '培训', '电气', '视频类软件', '设计']",文山,1.2-1.5万,云南端田矿业科技开发有限公司,50-150人,石油/化工/矿产/地质
地质工程师,"['1年', '本科', '地质工程师', '五险一金', '补充医疗保险', '餐饮补贴', '绩效奖金', '年终奖金', '定期体检', '法定节假日', '高温补贴', '免费健身', '生态食堂']",武汉·江岸区,10-20万/年,长江勘测规划设计研究有限责任公司,5000-10000人,电气/电力/水利
地质导向工程师,"['本科', '地质导向', 'Petrel', '随钻', '五险一金', '员工旅游', '交通补贴', '餐饮补贴', '通讯补贴', '专业培训', '绩效奖金', '年终奖金', '定期体检', '五天八小时']",武汉,1.2-2万,武汉时代地智科技股份有限公司,50-150人,计算机软件
总工程师（矿业）40-60万/年,"['5-7年', '本科', '办公软件', '管理', '产品开发', '技术管理', '工艺', '业务培训', '工艺技术', '技术改造', '安全环保', '试验大纲', '五险一金', '员工旅游', '餐饮补贴', '通讯补贴', '年终奖金', '绩效奖金', '定期体检', '补充意外险', '员工下午茶']",黔南,4-6万,深圳杰夫实业集团有限公司,150-500人,金融/投资/证券
集控操作员,"['无需经验', '本科', '五险一金', '食宿免费', '外出培训', '带薪休假', '健康体检', '节假福利等', '项目管理', '采矿', '材料', '矿山', '方案设计', '培训', '电气', '视频类软件', '设计']",文山,1.2-1.5万,云南端田矿业科技开发有限公司,50-150人,石油/化工/矿产/地质
地质勘察工程师,"['3-4年', '本科', '交通补贴', '绩效奖金', '定期体检', '专业培训', '年终奖金', '生日节日慰问', '五险二金', '员工疗休养', '通讯补贴', '餐饮补贴']",铜陵,5-7千,铜陵有色设计研究院有限责任公司合肥分公司,50-150人,采掘业/冶炼
地质导向工程师,"['1年', '本科', '地质导向', '地质', '石油', '五险一金', '员工旅游', '交通补贴', '专业培训', '年终奖金', '定期体检', '工作补贴', '待命补贴', '路途补贴', '商业保险']",上海·长宁区,15-30万/年,武汉时代地智科技股份有限公司,50-150人,计算机软件
矿长,"['5-7年', '大专']",杭州·富阳区,1-1.5万,杭州必润新材料有限公司,150-500人,多元化业务集团公司
项目生产技术人员,"['3-4年', '本科', '采矿', '项目现场管理', '现场运营', '绩效奖金', '五险一金', '交通补贴', '通讯补贴', '定期体检', '补充医疗保险', '专业培训', '年终奖金', '企业年金']",天津·滨海新区,8千-1.5万,中交海洋建设开发有限公司,150-500人,交通/运输/物流
煤矿项目经理,"['3-4年', '大专', '项目实施', '煤矿']",西安·莲湖区,1.5-2万,深圳通用能源控股有限公司,50-150人,房地产
石油地质工程师,"['3-4年', '本科', '地质', '石油地质', '五险一金', '员工旅游', '餐饮补贴', '专业培训', '绩效奖金', '年终奖金', '定期体检', '节日津贴', '交通补贴', '年度体检']",北京·朝阳区,1.5-2.5万,武汉时代地智科技股份有限公司,50-150人,计算机软件
地质工程师,"['5-7年', '大专', '维护保养', '图纸', '分析报告', '台账', '水文地质资料', '治理', '地质', '勘探', '五险一金', '通讯补贴', '餐饮补贴', '交通补贴', '员工旅游', '专业培训', '绩效奖金', '免费班车', '年终奖金', '定期体检']",孝感,4-6千,湖北省黄麦岭控股集团有限公司,1000-5000人,原材料和加工
矿产检验工程师,"['1年', '大专', '航海', '矿产', '检验', '采矿', '测绘', '质检', '实验室技术', '五险一金', '员工旅游', '定期体检', '节日福利', '高温补贴', '专业培训', '年终奖金']",成都,5-8千,SGS通标标准技术服务有限公司四川分公司,50-150人,检测，认证
矿山测量工程师（常驻老挝）,"['5-7年', '大专', '测量技术', '矿山', '五险一金', '补充医疗保险', '出国机会', '年终奖金', '定期体检', '绩效奖金']",北京·海淀区,2-3万,中农国际钾盐开发有限公司,1000-5000人,石油/化工/矿产/地质
矿业权评估（助理）工程师,"['2年', '本科', '矿权', '评估', '评估报告', '矿业权', '采矿权', '五险一金', '餐饮补贴', '专业培训', '绩效奖金', '定期体检', '带薪年假', '双休', '法定假日', '过节慰问']",武汉·武昌区,7.2-12万/年,湖北天地源勘查设计有限公司,50-150人,石油/化工/矿产/地质
矿山安全工程师,"['5-7年', '本科', '项目管理', '安全', '应急预案', '评估', '安全生产管理', '安全操作规程', '事故调查', '采矿', '安全技术服务', '处理安全隐患', '绩效奖金', '定期体检', '专业培训', '上市公司', '年终奖金', '五险', '提供食宿']",黔南,1-1.5万,深圳市芭田生态工程股份有限公司,1000-5000人,农/林/牧/渔
地质矿产工程师,"['5-7年', '大专', '地质矿产', '绩效奖金']",广州·越秀区,5-8千,江西懋华实业有限公司,少于50人,原材料和加工
